action_type,activity_comment,activity_id,activity_properties,assay_chembl_id,assay_description,assay_type,assay_variant_accession,assay_variant_mutation,bao_endpoint,bao_format,bao_label,canonical_smiles,data_validity_comment,data_validity_description,document_chembl_id,document_journal,document_year,ligand_efficiency,molecule_chembl_id,molecule_pref_name,parent_molecule_chembl_id,pchembl_value,potential_duplicate,qudt_units,record_id,relation,src_id,standard_flag,standard_relation,standard_text_value,standard_type,standard_units,standard_upper_value,standard_value,target_chembl_id,target_organism,target_pref_name,target_tax_id,text_value,toid,type,units,uo_units,upper_value,value
,,110221,[],CHEMBL675511,Inhibition of epidermal growth factor receptor (EGFR-mediated tyrosine autophosphorylation in mouse fibroblasts.,B,,,BAO_0000190,BAO_0000357,single protein format,COc1cccc2c(C(=O)Nc3ccccc3)c(SSc3c(C(=O)Nc4ccccc4)c4cccc(OC)c4n3C)n(C)c12,,,CHEMBL1127560,J Med Chem,1994,,CHEMBL292323,,CHEMBL292323,,0,http://www.openphacts.org/units/Nanomolar,109049,>,1,1,>,,IC50,nM,,100000.0,CHEMBL3608,Mus musculus,Epidermal growth factor receptor erbB1,10090,,,IC50,uM,UO_0000065,,100.0
,,113118,[],CHEMBL675511,Inhibition of epidermal growth factor receptor (EGFR-mediated tyrosine autophosphorylation in mouse fibroblasts.,B,,,BAO_0000190,BAO_0000357,single protein format,Cn1c(SSc2c(C(=O)Nc3ccccc3)c3ccccc3n2C)c(C(=O)Nc2ccccc2)c2ccccc21,,,CHEMBL1127560,J Med Chem,1994,,CHEMBL304414,,CHEMBL304414,,0,http://www.openphacts.org/units/Nanomolar,109028,>,1,1,>,,IC50,nM,,100000.0,CHEMBL3608,Mus musculus,Epidermal growth factor receptor erbB1,10090,,,IC50,uM,UO_0000065,,100.0
,,119387,[],CHEMBL675511,Inhibition of epidermal growth factor receptor (EGFR-mediated tyrosine autophosphorylation in mouse fibroblasts.,B,,,BAO_0000190,BAO_0000357,single protein format,CN1C(=S)C(C(=O)Nc2ccccc2)c2ccccc21,,,CHEMBL1127560,J Med Chem,1994,,CHEMBL62176,,CHEMBL62176,,0,http://www.openphacts.org/units/Nanomolar,109045,>,1,1,>,,IC50,nM,,100000.0,CHEMBL3608,Mus musculus,Epidermal growth factor receptor erbB1,10090,,,IC50,uM,UO_0000065,,100.0
,,133319,[],CHEMBL675511,Inhibition of epidermal growth factor receptor (EGFR-mediated tyrosine autophosphorylation in mouse fibroblasts.,B,,,BAO_0000190,BAO_0000357,single protein format,Cn1c(SSc2c(C(=O)Nc3ccccc3)c3cccnc3n2C)c(C(=O)Nc2ccccc2)c2cccnc21,,,CHEMBL1127560,J Med Chem,1994,,CHEMBL62701,,CHEMBL62701,,0,http://www.openphacts.org/units/Nanomolar,109046,>,1,1,>,,IC50,nM,,25000.0,CHEMBL3608,Mus musculus,Epidermal growth factor receptor erbB1,10090,,,IC50,uM,UO_0000065,,25.0
,,193384,[],CHEMBL675513,Inhibition of epidermal growth factor receptor tyrosine kinase (EGFR TK),B,,,BAO_0000190,BAO_0000357,single protein format,C/N=N/Nc1ccc2ncnc(Nc3cccc(Br)c3)c2c1,,,CHEMBL1145931,J Med Chem,2003,"{'bei': '20.03', 'le': '0.44', 'lle': '2.61', 'sei': '9.60'}",CHEMBL137617,,CHEMBL137617,7.16,0,http://www.openphacts.org/units/Nanomolar,297951,=,1,1,=,,IC50,nM,,70.0,CHEMBL3608,Mus musculus,Epidermal growth factor receptor erbB1,10090,,,IC50,uM,UO_0000065,,0.07
,,206505,[],CHEMBL675513,Inhibition of epidermal growth factor receptor tyrosine kinase (EGFR TK),B,,,BAO_0000190,BAO_0000357,single protein format,CC(=O)N(C)/N=N/c1ccc2ncnc(Nc3cccc(C)c3)c2c1,,,CHEMBL1145931,J Med Chem,2003,"{'bei': '18.66', 'le': '0.34', 'lle': '2.08', 'sei': '7.53'}",CHEMBL153577,,CHEMBL153577,6.24,0,http://www.openphacts.org/units/Nanomolar,297945,=,1,1,=,,IC50,nM,,578.0,CHEMBL3608,Mus musculus,Epidermal growth factor receptor erbB1,10090,,,IC50,uM,UO_0000065,,0.578
,,208867,[],CHEMBL675513,Inhibition of epidermal growth factor receptor tyrosine kinase (EGFR TK),B,,,BAO_0000190,BAO_0000357,single protein format,CN(CO)/N=N/c1ccc2ncnc(Nc3cccc(Br)c3)c2c1,,,CHEMBL1145931,J Med Chem,2003,"{'bei': '17.97', 'le': '0.40', 'lle': '2.94', 'sei': '8.09'}",CHEMBL152448,,CHEMBL152448,6.96,0,http://www.openphacts.org/units/Nanomolar,297952,=,1,1,=,,IC50,nM,,110.0,CHEMBL3608,Mus musculus,Epidermal growth factor receptor erbB1,10090,,,IC50,uM,UO_0000065,,0.11
,,214669,[],CHEMBL675513,Inhibition of epidermal growth factor receptor tyrosine kinase (EGFR TK),B,,,BAO_0000190,BAO_0000357,single protein format,C/N=N/Nc1ccc2ncnc(Nc3cccc(C)c3)c2c1,,,CHEMBL1145931,J Med Chem,2003,"{'bei': '22.91', 'le': '0.42', 'lle': '2.61', 'sei': '8.98'}",CHEMBL137189,,CHEMBL137189,6.70,0,http://www.openphacts.org/units/Nanomolar,297944,=,1,1,=,,IC50,nM,,200.0,CHEMBL3608,Mus musculus,Epidermal growth factor receptor erbB1,10090,,,IC50,uM,UO_0000065,,0.2
,,218313,[],CHEMBL675513,Inhibition of epidermal growth factor receptor tyrosine kinase (EGFR TK),B,,,BAO_0000190,BAO_0000357,single protein format,Nc1ccc2ncnc(Nc3cccc(Br)c3)c2c1,,,CHEMBL1145931,J Med Chem,2003,"{'bei': '23.47', 'le': '0.53', 'lle': '3.68', 'sei': '11.59'}",CHEMBL52765,,CHEMBL52765,7.40,0,http://www.openphacts.org/units/Nanomolar,297946,=,1,1,=,,IC50,nM,,40.0,CHEMBL3608,Mus musculus,Epidermal growth factor receptor erbB1,10090,,,IC50,uM,UO_0000065,,0.04
,,220697,[],CHEMBL675513,Inhibition of epidermal growth factor receptor tyrosine kinase (EGFR TK),B,,,BAO_0000190,BAO_0000357,single protein format,CC(=O)OCN(C)/N=N/c1ccc2ncnc(Nc3cccc(Br)c3)c2c1,,,CHEMBL1145931,J Med Chem,2003,"{'bei': '16.04', 'le': '0.35', 'lle': '2.30', 'sei': '7.48'}",CHEMBL152922,,CHEMBL152922,6.89,0,http://www.openphacts.org/units/Nanomolar,297947,=,1,1,=,,IC50,nM,,130.0,CHEMBL3608,Mus musculus,Epidermal growth factor receptor erbB1,10090,,,IC50,uM,UO_0000065,,0.13
,,564607,[],CHEMBL711650,Inhibition of EGF-dependent mouse keratinocyte MK cell proliferation,F,,,BAO_0000190,BAO_0000019,assay format,COc1cc2ncnc(Nc3cccc(Cl)c3)c2cc1OC,,,CHEMBL1132606,J Med Chem,1999,,CHEMBL7917,TYRPHOSTIN AG-1478,CHEMBL7917,,0,http://www.openphacts.org/units/Nanomolar,2825,<,1,1,<,,IC50,nM,,100.0,CHEMBL3608,Mus musculus,Epidermal growth factor receptor erbB1,10090,,,IC50,uM,UO_0000065,,0.1
,,565751,[],CHEMBL711650,Inhibition of EGF-dependent mouse keratinocyte MK cell proliferation,F,,,BAO_0000190,BAO_0000019,assay format,O=c1c(-c2cccc(Cl)c2)coc2cc(O)cc(O)c12,,,CHEMBL1132606,J Med Chem,1999,,CHEMBL7827,,CHEMBL7827,4.80,0,http://www.openphacts.org/units/Nanomolar,2826,=,1,1,=,,IC50,nM,,16000.0,CHEMBL3608,Mus musculus,Epidermal growth factor receptor erbB1,10090,,,IC50,uM,UO_0000065,,16.0
,,566930,[],CHEMBL711650,Inhibition of EGF-dependent mouse keratinocyte MK cell proliferation,F,,,BAO_0000190,BAO_0000019,assay format,COc1cc(O)c2c(O)c(-c3cccc(Cl)c3)cnc2c1,,,CHEMBL1132606,J Med Chem,1999,,CHEMBL440453,,CHEMBL440453,4.94,0,http://www.openphacts.org/units/Nanomolar,2834,=,1,1,=,,IC50,nM,,11400.0,CHEMBL3608,Mus musculus,Epidermal growth factor receptor erbB1,10090,,,IC50,uM,UO_0000065,,11.4
,,570885,[],CHEMBL711650,Inhibition of EGF-dependent mouse keratinocyte MK cell proliferation,F,,,BAO_0000190,BAO_0000019,assay format,COc1cc(O)c2c(=O)c(-c3cccc(Cl)c3)cn(CCc3ccccc3)c2c1,,,CHEMBL1132606,J Med Chem,1999,,CHEMBL7810,,CHEMBL7810,5.31,0,http://www.openphacts.org/units/Nanomolar,2832,=,1,1,=,,IC50,nM,,4930.0,CHEMBL3608,Mus musculus,Epidermal growth factor receptor erbB1,10090,,,IC50,uM,UO_0000065,,4.93
,,572079,[],CHEMBL711650,Inhibition of EGF-dependent mouse keratinocyte MK cell proliferation,F,,,BAO_0000190,BAO_0000019,assay format,COc1cc(OC)c2c(=O)c(-c3cccc(Cl)c3)coc2c1,,,CHEMBL1132606,J Med Chem,1999,,CHEMBL7981,,CHEMBL7981,4.33,0,http://www.openphacts.org/units/Nanomolar,2835,=,1,1,=,,IC50,nM,,46200.0,CHEMBL3608,Mus musculus,Epidermal growth factor receptor erbB1,10090,,,IC50,uM,UO_0000065,,46.2
,,572086,[],CHEMBL711650,Inhibition of EGF-dependent mouse keratinocyte MK cell proliferation,F,,,BAO_0000190,BAO_0000019,assay format,COC(=O)Cn1cc(-c2cccc(Cl)c2)c(=O)c2c(O)cc(OC)cc21,,,CHEMBL1132606,J Med Chem,1999,,CHEMBL7866,,CHEMBL7866,5.02,0,http://www.openphacts.org/units/Nanomolar,2831,=,1,1,=,,IC50,nM,,9550.0,CHEMBL3608,Mus musculus,Epidermal growth factor receptor erbB1,10090,,,IC50,uM,UO_0000065,,9.55
,,578209,[],CHEMBL711650,Inhibition of EGF-dependent mouse keratinocyte MK cell proliferation,F,,,BAO_0000190,BAO_0000019,assay format,COc1cc(O)c2c(=O)c(-c3cccc(Cl)c3)cn(C)c2c1,,,CHEMBL1132606,J Med Chem,1999,,CHEMBL7819,,CHEMBL7819,5.55,0,http://www.openphacts.org/units/Nanomolar,2833,=,1,1,=,,IC50,nM,,2830.0,CHEMBL3608,Mus musculus,Epidermal growth factor receptor erbB1,10090,,,IC50,uM,UO_0000065,,2.83
,,584264,[],CHEMBL711650,Inhibition of EGF-dependent mouse keratinocyte MK cell proliferation,F,,,BAO_0000190,BAO_0000019,assay format,COc1cc(O)c2c(=O)c(-c3cccc(Cl)c3)coc2c1,,,CHEMBL1132606,J Med Chem,1999,,CHEMBL7339,,CHEMBL7339,4.34,0,http://www.openphacts.org/units/Nanomolar,2827,=,1,1,=,,IC50,nM,,45200.0,CHEMBL3608,Mus musculus,Epidermal growth factor receptor erbB1,10090,,,IC50,uM,UO_0000065,,45.2
,,587982,[],CHEMBL711650,Inhibition of EGF-dependent mouse keratinocyte MK cell proliferation,F,,,BAO_0000190,BAO_0000019,assay format,Oc1cc(O)c2c(O)c(-c3cccc(Cl)c3)cnc2c1,,,CHEMBL1132606,J Med Chem,1999,,CHEMBL266995,,CHEMBL266995,4.99,0,http://www.openphacts.org/units/Nanomolar,2829,=,1,1,=,,IC50,nM,,10200.0,CHEMBL3608,Mus musculus,Epidermal growth factor receptor erbB1,10090,,,IC50,uM,UO_0000065,,10.2
,,1054537,[],CHEMBL810146,Inhibition of EGF-mediated mitogenesis in Swiss 3T3 cells,F,,,BAO_0000190,BAO_0000219,cell-based format,Brc1cccc(Nc2ncnc3cc4[nH]cnc4cc23)c1,,,CHEMBL1129035,J Med Chem,1996,,CHEMBL66031,,CHEMBL66031,7.34,0,http://www.openphacts.org/units/Nanomolar,341619,=,1,1,=,,IC50,nM,,46.0,CHEMBL3608,Mus musculus,Epidermal growth factor receptor erbB1,10090,,,IC50,nM,UO_0000065,,46.0
,,1070067,[],CHEMBL675510,Inhibition of Epidermal growth factor receptor mediated mitogenesis of NIH3T3 cells,F,,,BAO_0000190,BAO_0000219,cell-based format,COc1ccc(Cc2cn(Cc3ccc(OC)cc3)c(NC3=NC(=O)N(C)C3=O)n2)cc1,,,CHEMBL1131126,J Med Chem,1998,,CHEMBL340520,,CHEMBL340520,4.43,0,http://www.openphacts.org/units/Nanomolar,243327,=,1,1,=,,IC50,nM,,36900.0,CHEMBL3608,Mus musculus,Epidermal growth factor receptor erbB1,10090,,,IC50,uM,UO_0000065,,36.9
,,1073293,[],CHEMBL675510,Inhibition of Epidermal growth factor receptor mediated mitogenesis of NIH3T3 cells,F,,,BAO_0000190,BAO_0000219,cell-based format,COc1ccc(Cc2cn(Cc3ccc(O)cc3)c(NC3=NC(=O)N(C)C3=O)n2)cc1,,,CHEMBL1131126,J Med Chem,1998,,CHEMBL339550,,CHEMBL339550,4.64,0,http://www.openphacts.org/units/Nanomolar,243326,=,1,1,=,,IC50,nM,,22700.0,CHEMBL3608,Mus musculus,Epidermal growth factor receptor erbB1,10090,,,IC50,uM,UO_0000065,,22.7
,,1080537,[],CHEMBL675510,Inhibition of Epidermal growth factor receptor mediated mitogenesis of NIH3T3 cells,F,,,BAO_0000190,BAO_0000219,cell-based format,COc1ccc(Cc2nc(NC3=NC(=O)N(C)C3=O)n(C)c2Cc2ccc(O)cc2)cc1,,,CHEMBL1131126,J Med Chem,1998,,CHEMBL339727,,CHEMBL339727,4.95,0,http://www.openphacts.org/units/Nanomolar,243328,=,1,1,=,,IC50,nM,,11300.0,CHEMBL3608,Mus musculus,Epidermal growth factor receptor erbB1,10090,,,IC50,uM,UO_0000065,,11.3
,,1142492,[],CHEMBL675519,Inhibition of epidermal growth factor receptor phosphorylation in BaF3 mouse lymphoid cells.,B,,,BAO_0000190,BAO_0000219,cell-based format,O=C(NCCc1ccc(Cl)cc1)c1cc(NCc2cc(O)ccc2O)ccc1O,,,CHEMBL1134836,J Med Chem,2001,"{'bei': '10.51', 'le': '0.20', 'lle': '0.30', 'sei': '4.26'}",CHEMBL137829,,CHEMBL137829,4.34,0,http://www.openphacts.org/units/Nanomolar,270182,=,1,1,=,,IC50,nM,,46000.0,CHEMBL3608,Mus musculus,Epidermal growth factor receptor erbB1,10090,,,IC50,uM,UO_0000065,,46.0
,,1142508,[],CHEMBL675519,Inhibition of epidermal growth factor receptor phosphorylation in BaF3 mouse lymphoid cells.,B,,,BAO_0000190,BAO_0000219,cell-based format,O=C(NCCc1ccccc1)c1cccc(NCc2cc(O)ccc2O)c1,Outside typical range,"Values for this activity type are unusually large/small, so may not be accurate",CHEMBL1134836,J Med Chem,2001,,CHEMBL138698,,CHEMBL138698,,0,http://www.openphacts.org/units/Nanomolar,270198,=,1,1,=,,IC50,nM,,500000.0,CHEMBL3608,Mus musculus,Epidermal growth factor receptor erbB1,10090,,,IC50,uM,UO_0000065,,500.0
,,1143815,[],CHEMBL675519,Inhibition of epidermal growth factor receptor phosphorylation in BaF3 mouse lymphoid cells.,B,,,BAO_0000190,BAO_0000219,cell-based format,O=C(NCCc1ccccc1)c1cc(NCc2cc(O)ccc2O)ccc1O,,,CHEMBL1134836,J Med Chem,2001,"{'bei': '13.21', 'le': '0.24', 'lle': '1.61', 'sei': '4.91'}",CHEMBL137924,,CHEMBL137924,5.00,0,http://www.openphacts.org/units/Nanomolar,270180,=,1,1,=,,IC50,nM,,10000.0,CHEMBL3608,Mus musculus,Epidermal growth factor receptor erbB1,10090,,,IC50,uM,UO_0000065,,10.0
,,1146505,[],CHEMBL675519,Inhibition of epidermal growth factor receptor phosphorylation in BaF3 mouse lymphoid cells.,B,,,BAO_0000190,BAO_0000219,cell-based format,COc1ccc(CCNC(=O)c2cc(NCc3cc(O)ccc3O)ccc2O)cc1,,,CHEMBL1134836,J Med Chem,2001,,CHEMBL440529,,CHEMBL440529,,0,http://www.openphacts.org/units/Nanomolar,270184,>,1,1,>,,IC50,nM,,100000.0,CHEMBL3608,Mus musculus,Epidermal growth factor receptor erbB1,10090,,,IC50,uM,UO_0000065,,100.0
,,1147825,[],CHEMBL675519,Inhibition of epidermal growth factor receptor phosphorylation in BaF3 mouse lymphoid cells.,B,,,BAO_0000190,BAO_0000219,cell-based format,O=C(NCCc1ccc(O)cc1)c1cc(NCc2cc(O)ccc2O)ccc1O,Outside typical range,"Values for this activity type are unusually large/small, so may not be accurate",CHEMBL1134836,J Med Chem,2001,,CHEMBL141271,,CHEMBL141271,,0,http://www.openphacts.org/units/Nanomolar,270186,=,1,1,=,,IC50,nM,,300000.0,CHEMBL3608,Mus musculus,Epidermal growth factor receptor erbB1,10090,,,IC50,uM,UO_0000065,,300.0
,,1147840,[],CHEMBL675519,Inhibition of epidermal growth factor receptor phosphorylation in BaF3 mouse lymphoid cells.,B,,,BAO_0000190,BAO_0000219,cell-based format,O=C(NC1CCc2ccccc2C1)c1cc(NCc2cc(O)ccc2O)ccc1O,,,CHEMBL1134836,J Med Chem,2001,"{'bei': '13.35', 'le': '0.25', 'lle': '1.70', 'sei': '5.30'}",CHEMBL142135,,CHEMBL142135,5.40,0,http://www.openphacts.org/units/Nanomolar,270191,=,1,1,=,,IC50,nM,,4000.0,CHEMBL3608,Mus musculus,Epidermal growth factor receptor erbB1,10090,,,IC50,uM,UO_0000065,,4.0
,,1153946,[],CHEMBL675519,Inhibition of epidermal growth factor receptor phosphorylation in BaF3 mouse lymphoid cells.,B,,,BAO_0000190,BAO_0000219,cell-based format,O=C(NCCCc1ccccc1)c1ccc(NCc2cc(O)ccc2O)cc1,,,CHEMBL1134836,J Med Chem,2001,"{'bei': '11.90', 'le': '0.22', 'lle': '0.41', 'sei': '5.49'}",CHEMBL422643,,CHEMBL422643,4.48,0,http://www.openphacts.org/units/Nanomolar,270187,=,1,1,=,,IC50,nM,,33000.0,CHEMBL3608,Mus musculus,Epidermal growth factor receptor erbB1,10090,,,IC50,uM,UO_0000065,,33.0
,,1155259,[],CHEMBL675519,Inhibition of epidermal growth factor receptor phosphorylation in BaF3 mouse lymphoid cells.,B,,,BAO_0000190,BAO_0000219,cell-based format,O=C(NCc1ccccc1)c1cc(NCc2cc(O)ccc2O)ccc1O,,,CHEMBL1134836,J Med Chem,2001,"{'bei': '13.99', 'le': '0.26', 'lle': '1.75', 'sei': '5.01'}",CHEMBL140774,,CHEMBL140774,5.10,0,http://www.openphacts.org/units/Nanomolar,270183,=,1,1,=,,IC50,nM,,8000.0,CHEMBL3608,Mus musculus,Epidermal growth factor receptor erbB1,10090,,,IC50,uM,UO_0000065,,8.0
,,1155275,[],CHEMBL675519,Inhibition of epidermal growth factor receptor phosphorylation in BaF3 mouse lymphoid cells.,B,,,BAO_0000190,BAO_0000219,cell-based format,CCCCCCCCCCCCNC(=O)c1cc(NCc2cc(O)ccc2O)ccc1O,,,CHEMBL1134836,J Med Chem,2001,"{'bei': '10.07', 'le': '0.19', 'lle': '-1.61', 'sei': '4.38'}",CHEMBL138340,,CHEMBL138340,4.46,0,http://www.openphacts.org/units/Nanomolar,270192,=,1,1,=,,IC50,nM,,35000.0,CHEMBL3608,Mus musculus,Epidermal growth factor receptor erbB1,10090,,,IC50,uM,UO_0000065,,35.0
,,1159265,[],CHEMBL675519,Inhibition of epidermal growth factor receptor phosphorylation in BaF3 mouse lymphoid cells.,B,,,BAO_0000190,BAO_0000219,cell-based format,CCCCCCNC(=O)c1cc(NCc2cc(O)ccc2O)ccc1O,,,CHEMBL1134836,J Med Chem,2001,"{'bei': '13.54', 'le': '0.25', 'lle': '1.12', 'sei': '4.77'}",CHEMBL122397,,CHEMBL122397,4.85,0,http://www.openphacts.org/units/Nanomolar,270179,=,1,1,=,,IC50,nM,,14000.0,CHEMBL3608,Mus musculus,Epidermal growth factor receptor erbB1,10090,,,IC50,uM,UO_0000065,,14.0
,,1159282,[],CHEMBL675519,Inhibition of epidermal growth factor receptor phosphorylation in BaF3 mouse lymphoid cells.,B,,,BAO_0000190,BAO_0000219,cell-based format,O=C(NCCc1ccccc1)c1ccc(NCc2cc(O)ccc2O)cc1,Outside typical range,"Values for this activity type are unusually large/small, so may not be accurate",CHEMBL1134836,J Med Chem,2001,,CHEMBL344614,,CHEMBL344614,,0,http://www.openphacts.org/units/Nanomolar,270188,>,1,1,>,,IC50,nM,,200000.0,CHEMBL3608,Mus musculus,Epidermal growth factor receptor erbB1,10090,,,IC50,uM,UO_0000065,,200.0
,,1163397,[],CHEMBL675519,Inhibition of epidermal growth factor receptor phosphorylation in BaF3 mouse lymphoid cells.,B,,,BAO_0000190,BAO_0000219,cell-based format,O=C(NCCc1ccccn1)c1cc(NCc2cc(O)ccc2O)ccc1O,,,CHEMBL1134836,J Med Chem,2001,"{'bei': '12.71', 'le': '0.24', 'lle': '2.04', 'sei': '4.21'}",CHEMBL137897,,CHEMBL137897,4.82,0,http://www.openphacts.org/units/Nanomolar,270194,=,1,1,=,,IC50,nM,,15000.0,CHEMBL3608,Mus musculus,Epidermal growth factor receptor erbB1,10090,,,IC50,uM,UO_0000065,,15.0
,,1171212,[],CHEMBL675519,Inhibition of epidermal growth factor receptor phosphorylation in BaF3 mouse lymphoid cells.,B,,,BAO_0000190,BAO_0000219,cell-based format,O=C(NCCc1ccc(F)cc1)c1cc(NCc2cc(O)ccc2O)ccc1O,,,CHEMBL1134836,J Med Chem,2001,"{'bei': '13.62', 'le': '0.25', 'lle': '1.87', 'sei': '5.30'}",CHEMBL44918,,CHEMBL44918,5.40,0,http://www.openphacts.org/units/Nanomolar,270185,=,1,1,=,,IC50,nM,,4000.0,CHEMBL3608,Mus musculus,Epidermal growth factor receptor erbB1,10090,,,IC50,uM,UO_0000065,,4.0
,,1172520,[],CHEMBL675519,Inhibition of epidermal growth factor receptor phosphorylation in BaF3 mouse lymphoid cells.,B,,,BAO_0000190,BAO_0000219,cell-based format,O=C(NCCCc1ccccc1)c1cc(NCc2cc(O)ccc2O)ccc1O,,,CHEMBL1134836,J Med Chem,2001,"{'bei': '15.29', 'le': '0.28', 'lle': '2.22', 'sei': '5.89'}",CHEMBL341946,,CHEMBL341946,6.00,0,http://www.openphacts.org/units/Nanomolar,270193,=,1,1,=,,IC50,nM,,1000.0,CHEMBL3608,Mus musculus,Epidermal growth factor receptor erbB1,10090,,,IC50,uM,UO_0000065,,1.0
,,1177762,[],CHEMBL675519,Inhibition of epidermal growth factor receptor phosphorylation in BaF3 mouse lymphoid cells.,B,,,BAO_0000190,BAO_0000219,cell-based format,O=C(NCCc1ccc(Br)cc1)c1cc(NCc2cc(O)ccc2O)ccc1O,,,CHEMBL1134836,J Med Chem,2001,"{'bei': '9.74', 'le': '0.21', 'lle': '0.31', 'sei': '4.38'}",CHEMBL137828,,CHEMBL137828,4.46,0,http://www.openphacts.org/units/Nanomolar,270181,=,1,1,=,,IC50,nM,,35000.0,CHEMBL3608,Mus musculus,Epidermal growth factor receptor erbB1,10090,,,IC50,uM,UO_0000065,,35.0
,,1180356,[],CHEMBL675519,Inhibition of epidermal growth factor receptor phosphorylation in BaF3 mouse lymphoid cells.,B,,,BAO_0000190,BAO_0000219,cell-based format,O=C(NCCN1CCOCC1)c1cc(NCc2cc(O)ccc2O)ccc1O,,,CHEMBL1134836,J Med Chem,2001,,CHEMBL139833,,CHEMBL139833,,0,http://www.openphacts.org/units/Nanomolar,270195,>,1,1,>,,IC50,nM,,50000.0,CHEMBL3608,Mus musculus,Epidermal growth factor receptor erbB1,10090,,,IC50,uM,UO_0000065,,50.0
,,1180372,[],CHEMBL675519,Inhibition of epidermal growth factor receptor phosphorylation in BaF3 mouse lymphoid cells.,B,,,BAO_0000190,BAO_0000219,cell-based format,O=C(NCc1ccccc1)c1ccc(NCc2cc(O)ccc2O)cc1,,,CHEMBL1134836,J Med Chem,2001,,CHEMBL343071,,CHEMBL343071,,0,http://www.openphacts.org/units/Nanomolar,270189,>,1,1,>,,IC50,nM,,100000.0,CHEMBL3608,Mus musculus,Epidermal growth factor receptor erbB1,10090,,,IC50,uM,UO_0000065,,100.0
,,1403565,[],CHEMBL829514,Inhibition of Epidermal growth factor receptor in P19 cells,B,,,BAO_0000190,BAO_0000219,cell-based format,CN(C)CCCn1nc(C2=C(c3cn(-c4cccs4)c4ccccc34)C(=O)NC2=O)c2ccccc21,,,CHEMBL1142718,J Med Chem,2005,,CHEMBL178945,,CHEMBL178945,,0,http://www.openphacts.org/units/Nanomolar,360756,>,1,1,>,,IC50,nM,,10000.0,CHEMBL3608,Mus musculus,Epidermal growth factor receptor erbB1,10090,,,IC50,uM,UO_0000065,,10.0
,,1403585,[],CHEMBL829514,Inhibition of Epidermal growth factor receptor in P19 cells,B,,,BAO_0000190,BAO_0000219,cell-based format,CN(C)CCCn1nc(C2=C(c3cn(-c4cccnc4)c4ccccc34)C(=O)NC2=O)c2ccccc21,,,CHEMBL1142718,J Med Chem,2005,,CHEMBL368416,,CHEMBL368416,,0,http://www.openphacts.org/units/Nanomolar,360760,>,1,1,>,,IC50,nM,,10000.0,CHEMBL3608,Mus musculus,Epidermal growth factor receptor erbB1,10090,,,IC50,uM,UO_0000065,,10.0
,,1403610,[],CHEMBL829514,Inhibition of Epidermal growth factor receptor in P19 cells,B,,,BAO_0000190,BAO_0000219,cell-based format,CN(C)CCCn1nc(C2=C(c3cn(-c4ccc5ccccc5c4)c4ccccc34)C(=O)NC2=O)c2ccccc21,,,CHEMBL1142718,J Med Chem,2005,,CHEMBL368895,,CHEMBL368895,,0,http://www.openphacts.org/units/Nanomolar,360789,>,1,1,>,,IC50,nM,,10000.0,CHEMBL3608,Mus musculus,Epidermal growth factor receptor erbB1,10090,,,IC50,uM,UO_0000065,,10.0
,,1403631,[],CHEMBL829514,Inhibition of Epidermal growth factor receptor in P19 cells,B,,,BAO_0000190,BAO_0000219,cell-based format,CN(C)CCCn1nc(C2=C(c3cn(-c4cccc5ccccc45)c4ccccc34)C(=O)NC2=O)c2ccccc21,,,CHEMBL1142718,J Med Chem,2005,,CHEMBL360304,,CHEMBL360304,,0,http://www.openphacts.org/units/Nanomolar,360795,>,1,1,>,,IC50,nM,,10000.0,CHEMBL3608,Mus musculus,Epidermal growth factor receptor erbB1,10090,,,IC50,uM,UO_0000065,,10.0
,,1403662,[],CHEMBL829514,Inhibition of Epidermal growth factor receptor in P19 cells,B,,,BAO_0000190,BAO_0000219,cell-based format,CN(C)CCCn1nc(C2=C(c3cn(-c4cnc5ccccc5c4)c4ccccc34)C(=O)NC2=O)c2ccccc21,,,CHEMBL1142718,J Med Chem,2005,,CHEMBL359486,,CHEMBL359486,,0,http://www.openphacts.org/units/Nanomolar,360771,>,1,1,>,,IC50,nM,,10000.0,CHEMBL3608,Mus musculus,Epidermal growth factor receptor erbB1,10090,,,IC50,uM,UO_0000065,,10.0
,,1403682,[],CHEMBL829514,Inhibition of Epidermal growth factor receptor in P19 cells,B,,,BAO_0000190,BAO_0000219,cell-based format,CN(C)CCCn1nc(C2=C(c3cn(-c4csc5ccccc45)c4ccccc34)C(=O)NC2=O)c2ccccc21,,,CHEMBL1142718,J Med Chem,2005,,CHEMBL426587,,CHEMBL426587,,0,http://www.openphacts.org/units/Nanomolar,360775,>,1,1,>,,IC50,nM,,10000.0,CHEMBL3608,Mus musculus,Epidermal growth factor receptor erbB1,10090,,,IC50,uM,UO_0000065,,10.0
,,1404677,[],CHEMBL829514,Inhibition of Epidermal growth factor receptor in P19 cells,B,,,BAO_0000190,BAO_0000219,cell-based format,CN[C@@H]1C[C@H]2O[C@@](C)([C@@H]1OC)n1c3ccccc3c3c4c(c5c6ccccc6n2c5c31)C(=O)NC4,,,CHEMBL1142718,J Med Chem,2005,,CHEMBL388978,STAUROSPORINE,CHEMBL388978,,0,http://www.openphacts.org/units/Nanomolar,360786,>,1,1,>,,IC50,nM,,10000.0,CHEMBL3608,Mus musculus,Epidermal growth factor receptor erbB1,10090,,,IC50,uM,UO_0000065,,10.0
,Not Determined,1453208,[],CHEMBL832632,Inhibition of Epidermal growth factor receptor tyrosine kinase activity; not tested,B,,,BAO_0000190,BAO_0000357,single protein format,COc1cc2ncnc(Nc3cc(NC(=O)c4ccccc4)c(Cl)cc3F)c2cc1OC,,,CHEMBL1138000,Bioorg Med Chem Lett,2004,,CHEMBL184685,,CHEMBL184685,,0,http://www.openphacts.org/units/Nanomolar,376363,,1,0,,,IC50,nM,,,CHEMBL3608,Mus musculus,Epidermal growth factor receptor erbB1,10090,,,IC50,uM,UO_0000065,,
,,2435757,[],CHEMBL1012121,Inhibition of mouse EGFR by liquid scintillation counting,B,,,BAO_0000190,BAO_0000357,single protein format,O=C(O)c1cc(N(Cc2ccccc2O)Cc2cc(O)ccc2O)ccc1O,,,CHEMBL1147320,J Nat Prod,1989,,CHEMBL103552,LAVENDUSTIN A,CHEMBL103552,,0,http://www.openphacts.org/units/MicrogramPerMilliliter,763196,=,1,1,=,,IC50,ug.mL-1,,0.0044,CHEMBL3608,Mus musculus,Epidermal growth factor receptor erbB1,10090,,,IC50,ug ml-1,UO_0000274,,0.0044
,,2435761,[],CHEMBL1012121,Inhibition of mouse EGFR by liquid scintillation counting,B,,,BAO_0000190,BAO_0000357,single protein format,O=C(O)c1cc(N(Cc2ccccc2O)Cc2ccccc2O)ccc1O,,,CHEMBL1147320,J Nat Prod,1989,,CHEMBL485258,LAVENDUSTIN B,CHEMBL485258,,0,http://www.openphacts.org/units/MicrogramPerMilliliter,763215,=,1,1,=,,IC50,ug.mL-1,,0.49,CHEMBL3608,Mus musculus,Epidermal growth factor receptor erbB1,10090,,,IC50,ug ml-1,UO_0000274,,0.49
,,2435762,[],CHEMBL1012121,Inhibition of mouse EGFR by liquid scintillation counting,B,,,BAO_0000190,BAO_0000357,single protein format,O=CN/C=C/c1cc(O)ccc1O,,,CHEMBL1147320,J Nat Prod,1989,,CHEMBL47986,ERBSTATIN,CHEMBL47986,,0,http://www.openphacts.org/units/MicrogramPerMilliliter,763216,=,1,1,=,,IC50,ug.mL-1,,0.2,CHEMBL3608,Mus musculus,Epidermal growth factor receptor erbB1,10090,,,IC50,ug ml-1,UO_0000274,,0.2
,,2435766,[],CHEMBL1012121,Inhibition of mouse EGFR by liquid scintillation counting,B,,,BAO_0000190,BAO_0000357,single protein format,CN[C@@H]1C[C@H]2O[C@@](C)([C@@H]1OC)n1c3ccccc3c3c4c(c5c6ccccc6n2c5c31)C(=O)NC4,,,CHEMBL1147320,J Nat Prod,1989,,CHEMBL388978,STAUROSPORINE,CHEMBL388978,,0,http://www.openphacts.org/units/MicrogramPerMilliliter,763217,=,1,1,=,,IC50,ug.mL-1,,0.35,CHEMBL3608,Mus musculus,Epidermal growth factor receptor erbB1,10090,,,IC50,ug ml-1,UO_0000274,,0.35
,,2435770,[],CHEMBL1012121,Inhibition of mouse EGFR by liquid scintillation counting,B,,,BAO_0000190,BAO_0000357,single protein format,O=C(O)c1cc(N(Cc2cc(O)ccc2O)Cc2cc(O)ccc2O)ccc1O,,,CHEMBL1147320,J Nat Prod,1989,,CHEMBL483830,,CHEMBL483830,,0,http://www.openphacts.org/units/MicrogramPerMilliliter,763218,=,1,1,=,,IC50,ug.mL-1,,0.011,CHEMBL3608,Mus musculus,Epidermal growth factor receptor erbB1,10090,,,IC50,ug ml-1,UO_0000274,,0.011
,,2435771,[],CHEMBL1012121,Inhibition of mouse EGFR by liquid scintillation counting,B,,,BAO_0000190,BAO_0000357,single protein format,O=C(O)c1ccc(O)c(N(Cc2ccccc2O)Cc2cc(O)ccc2O)c1,,,CHEMBL1147320,J Nat Prod,1989,,CHEMBL483831,,CHEMBL483831,,0,http://www.openphacts.org/units/MicrogramPerMilliliter,763219,=,1,1,=,,IC50,ug.mL-1,,0.17,CHEMBL3608,Mus musculus,Epidermal growth factor receptor erbB1,10090,,,IC50,ug ml-1,UO_0000274,,0.17
,,2435772,[],CHEMBL1012121,Inhibition of mouse EGFR by liquid scintillation counting,B,,,BAO_0000190,BAO_0000357,single protein format,O=C(O)c1cc(/N=C\c2cc(O)ccc2O)ccc1O,,,CHEMBL1147320,J Nat Prod,1989,,CHEMBL520491,,CHEMBL520491,,0,http://www.openphacts.org/units/MicrogramPerMilliliter,763239,=,1,1,=,,IC50,ug.mL-1,,0.76,CHEMBL3608,Mus musculus,Epidermal growth factor receptor erbB1,10090,,,IC50,ug ml-1,UO_0000274,,0.76
,,2435773,[],CHEMBL1012121,Inhibition of mouse EGFR by liquid scintillation counting,B,,,BAO_0000190,BAO_0000357,single protein format,O=C(O)c1cc(NCc2cc(O)ccc2O)ccc1O,,,CHEMBL1147320,J Nat Prod,1989,,CHEMBL319620,LAVENDUSTIN C,CHEMBL319620,,0,http://www.openphacts.org/units/MicrogramPerMilliliter,763240,=,1,1,=,,IC50,ug.mL-1,,0.012,CHEMBL3608,Mus musculus,Epidermal growth factor receptor erbB1,10090,,,IC50,ug ml-1,UO_0000274,,0.012
,,2435774,[],CHEMBL1012121,Inhibition of mouse EGFR by liquid scintillation counting,B,,,BAO_0000190,BAO_0000357,single protein format,O=Cc1cc(O)ccc1O,,,CHEMBL1147320,J Nat Prod,1989,,CHEMBL243186,,CHEMBL243186,,0,http://www.openphacts.org/units/MicrogramPerMilliliter,763241,=,1,1,=,,IC50,ug.mL-1,,33.0,CHEMBL3608,Mus musculus,Epidermal growth factor receptor erbB1,10090,,,IC50,ug ml-1,UO_0000274,,33.0
,,2435775,[],CHEMBL1012121,Inhibition of mouse EGFR by liquid scintillation counting,B,,,BAO_0000190,BAO_0000357,single protein format,Nc1ccc(O)c(C(=O)O)c1,,,CHEMBL1147320,J Nat Prod,1989,,CHEMBL704,MESALAMINE,CHEMBL704,,0,http://www.openphacts.org/units/MicrogramPerMilliliter,763242,=,1,1,=,,IC50,ug.mL-1,,2.7,CHEMBL3608,Mus musculus,Epidermal growth factor receptor erbB1,10090,,,IC50,ug ml-1,UO_0000274,,2.7
,,2435776,[],CHEMBL1012121,Inhibition of mouse EGFR by liquid scintillation counting,B,,,BAO_0000190,BAO_0000357,single protein format,Nc1cc(C(=O)O)ccc1O,Outside typical range,"Values for this activity type are unusually large/small, so may not be accurate",CHEMBL1147320,J Nat Prod,1989,,CHEMBL242963,,CHEMBL242963,,0,http://www.openphacts.org/units/MicrogramPerMilliliter,763243,>,1,1,>,,IC50,ug.mL-1,,100.0,CHEMBL3608,Mus musculus,Epidermal growth factor receptor erbB1,10090,,,IC50,ug ml-1,UO_0000274,,100.0
,,18923647,[],CHEMBL4324124,Inhibition of wild type EGFR in mouse BAF3 cells assessed as reduction in cell proliferation incubated for 72 hrs by Celltiter-Glo luminescent cell viability assay,B,,,BAO_0000190,BAO_0000219,cell-based format,Cc1cc2cc(n1)-c1cnn(C)c1OCCC[C@@H](C)CN1/C(=N/C2=O)Nc2ccc(CN3CCN(C)CC3)cc21,,,CHEMBL4321840,J Med Chem,2019,"{'bei': '12.39', 'le': '0.23', 'lle': '2.95', 'sei': '7.38'}",CHEMBL4537790,,CHEMBL4537790,6.72,0,http://www.openphacts.org/units/Nanomolar,3156970,=,1,1,=,,IC50,nM,,190.0,CHEMBL3608,Mus musculus,Epidermal growth factor receptor erbB1,10090,,,IC50,nM,UO_0000065,,190.0
,,18923648,[],CHEMBL4324124,Inhibition of wild type EGFR in mouse BAF3 cells assessed as reduction in cell proliferation incubated for 72 hrs by Celltiter-Glo luminescent cell viability assay,B,,,BAO_0000190,BAO_0000219,cell-based format,Cn1ncc2c1OCCCCCN1/C(=N/C(=O)c3cc(F)nc-2c3)Nc2ccccc21,,,CHEMBL4321840,J Med Chem,2019,"{'bei': '15.62', 'le': '0.29', 'lle': '2.96', 'sei': '7.76'}",CHEMBL4566193,,CHEMBL4566193,6.57,0,http://www.openphacts.org/units/Nanomolar,3156967,=,1,1,=,,IC50,nM,,270.0,CHEMBL3608,Mus musculus,Epidermal growth factor receptor erbB1,10090,,,IC50,nM,UO_0000065,,270.0
,,18923649,[],CHEMBL4324124,Inhibition of wild type EGFR in mouse BAF3 cells assessed as reduction in cell proliferation incubated for 72 hrs by Celltiter-Glo luminescent cell viability assay,B,,,BAO_0000190,BAO_0000219,cell-based format,Cn1cc(-c2cc(C(=O)/N=c3\[nH]c4ccccc4n3CC(C)(C)O)ccn2)cn1,,,CHEMBL4321840,J Med Chem,2019,"{'bei': '13.55', 'le': '0.25', 'lle': '3.01', 'sei': '5.24'}",CHEMBL4525935,,CHEMBL4525935,5.29,0,http://www.openphacts.org/units/Nanomolar,3156964,=,1,1,=,,IC50,nM,,5100.0,CHEMBL3608,Mus musculus,Epidermal growth factor receptor erbB1,10090,,,IC50,nM,UO_0000065,,5100.0
,,18923654,[],CHEMBL4324124,Inhibition of wild type EGFR in mouse BAF3 cells assessed as reduction in cell proliferation incubated for 72 hrs by Celltiter-Glo luminescent cell viability assay,B,,,BAO_0000190,BAO_0000219,cell-based format,C=CC(=O)Nc1cc(Nc2nccc(-c3cn(C)c4ccccc34)n2)c(OC)cc1N(C)CCN(C)C,,,CHEMBL4321840,J Med Chem,2019,"{'bei': '14.19', 'le': '0.26', 'lle': '2.58', 'sei': '8.10'}",CHEMBL3353410,OSIMERTINIB,CHEMBL3353410,7.09,0,http://www.openphacts.org/units/Nanomolar,3156971,=,1,1,=,,IC50,nM,,81.0,CHEMBL3608,Mus musculus,Epidermal growth factor receptor erbB1,10090,,,IC50,nM,UO_0000065,,81.0
,,18923655,[],CHEMBL4324124,Inhibition of wild type EGFR in mouse BAF3 cells assessed as reduction in cell proliferation incubated for 72 hrs by Celltiter-Glo luminescent cell viability assay,B,,,BAO_0000190,BAO_0000219,cell-based format,Cc1cc2cc(n1)-c1cnn(C)c1OCCCCCN1/C(=N/C2=O)Nc2ccccc21,,,CHEMBL4321840,J Med Chem,2019,"{'bei': '13.54', 'le': '0.25', 'lle': '1.86', 'sei': '6.66'}",CHEMBL4550104,,CHEMBL4550104,5.64,0,http://www.openphacts.org/units/Nanomolar,3156968,=,1,1,=,,IC50,nM,,2300.0,CHEMBL3608,Mus musculus,Epidermal growth factor receptor erbB1,10090,,,IC50,nM,UO_0000065,,2300.0
,,18923656,[],CHEMBL4324124,Inhibition of wild type EGFR in mouse BAF3 cells assessed as reduction in cell proliferation incubated for 72 hrs by Celltiter-Glo luminescent cell viability assay,B,,,BAO_0000190,BAO_0000219,cell-based format,CC(C)(O)Cn1/c(=N/C(=O)c2ccnc(-c3ccccc3)c2)[nH]c2ccccc21,,,CHEMBL4321840,J Med Chem,2019,,CHEMBL4434788,,CHEMBL4434788,,0,http://www.openphacts.org/units/Nanomolar,3156965,>,1,1,>,,IC50,nM,,10000.0,CHEMBL3608,Mus musculus,Epidermal growth factor receptor erbB1,10090,,,IC50,nM,UO_0000065,,10000.0
,,18923657,[],CHEMBL4324124,Inhibition of wild type EGFR in mouse BAF3 cells assessed as reduction in cell proliferation incubated for 72 hrs by Celltiter-Glo luminescent cell viability assay,B,,,BAO_0000190,BAO_0000219,cell-based format,CC(C)(O)Cn1/c(=N/C(=O)c2ccnc(-c3cccnc3)c2)[nH]c2ccccc21,,,CHEMBL4321840,J Med Chem,2019,"{'bei': '14.05', 'le': '0.26', 'lle': '2.50', 'sei': '5.66'}",CHEMBL4449589,,CHEMBL4449589,5.44,0,http://www.openphacts.org/units/Nanomolar,3156962,=,1,1,=,,IC50,nM,,3600.0,CHEMBL3608,Mus musculus,Epidermal growth factor receptor erbB1,10090,,,IC50,nM,UO_0000065,,3600.0
,Not Determined,18923658,[],CHEMBL4324124,Inhibition of wild type EGFR in mouse BAF3 cells assessed as reduction in cell proliferation incubated for 72 hrs by Celltiter-Glo luminescent cell viability assay,B,,,BAO_0000190,BAO_0000219,cell-based format,CC(C)(O)Cn1/c(=N/C(=O)c2cc(F)cc(-c3cccnc3)c2)[nH]c2ccccc21,,,CHEMBL4321840,J Med Chem,2019,,CHEMBL4591327,,CHEMBL4591327,,0,,3156960,,1,0,,,IC50,,,,CHEMBL3608,Mus musculus,Epidermal growth factor receptor erbB1,10090,,,IC50,,,,
,,18923668,[],CHEMBL4324124,Inhibition of wild type EGFR in mouse BAF3 cells assessed as reduction in cell proliferation incubated for 72 hrs by Celltiter-Glo luminescent cell viability assay,B,,,BAO_0000190,BAO_0000219,cell-based format,Cc1cc2cc(n1)-c1cnn(C)c1OCCC[C@@H](C)CN1/C(=N/C2=O)Nc2ccccc21,,,CHEMBL4321840,J Med Chem,2019,"{'bei': '13.84', 'le': '0.25', 'lle': '1.93', 'sei': '7.04'}",CHEMBL4562138,,CHEMBL4562138,5.96,0,http://www.openphacts.org/units/Nanomolar,3156969,=,1,1,=,,IC50,nM,,1100.0,CHEMBL3608,Mus musculus,Epidermal growth factor receptor erbB1,10090,,,IC50,nM,UO_0000065,,1100.0
,,18923669,[],CHEMBL4324124,Inhibition of wild type EGFR in mouse BAF3 cells assessed as reduction in cell proliferation incubated for 72 hrs by Celltiter-Glo luminescent cell viability assay,B,,,BAO_0000190,BAO_0000219,cell-based format,O=C1/N=C2\Nc3ccccc3N2CCCCCOc2ccccc2-c2cc1ccn2,,,CHEMBL4321840,J Med Chem,2019,"{'bei': '14.77', 'le': '0.27', 'lle': '1.15', 'sei': '8.81'}",CHEMBL4519157,,CHEMBL4519157,5.89,0,http://www.openphacts.org/units/Nanomolar,3156966,=,1,1,=,,IC50,nM,,1300.0,CHEMBL3608,Mus musculus,Epidermal growth factor receptor erbB1,10090,,,IC50,nM,UO_0000065,,1300.0
,,18923670,[],CHEMBL4324124,Inhibition of wild type EGFR in mouse BAF3 cells assessed as reduction in cell proliferation incubated for 72 hrs by Celltiter-Glo luminescent cell viability assay,B,,,BAO_0000190,BAO_0000219,cell-based format,COc1ccncc1-c1cc(C(=O)/N=c2\[nH]c3ccccc3n2CC(C)(C)O)ccn1,,,CHEMBL4321840,J Med Chem,2019,"{'bei': '14.74', 'le': '0.27', 'lle': '3.20', 'sei': '5.84'}",CHEMBL4532034,,CHEMBL4532034,6.16,0,http://www.openphacts.org/units/Nanomolar,3156963,=,1,1,=,,IC50,nM,,700.0,CHEMBL3608,Mus musculus,Epidermal growth factor receptor erbB1,10090,,,IC50,nM,UO_0000065,,700.0
,Not Determined,18923671,[],CHEMBL4324124,Inhibition of wild type EGFR in mouse BAF3 cells assessed as reduction in cell proliferation incubated for 72 hrs by Celltiter-Glo luminescent cell viability assay,B,,,BAO_0000190,BAO_0000219,cell-based format,CC(C)(O)Cn1/c(=N/C(=O)c2cccc(-c3cccnc3)c2)[nH]c2ccccc21,,,CHEMBL4321840,J Med Chem,2019,,CHEMBL4444231,,CHEMBL4444231,,0,,3156961,,1,0,,,IC50,,,,CHEMBL3608,Mus musculus,Epidermal growth factor receptor erbB1,10090,,,IC50,,,,
"{'action_type': 'INHIBITOR', 'description': 'Negatively effects (inhibits) the normal functioning of the protein e.g., prevention of enzymatic reaction or activation of downstream pathway', 'parent_type': 'NEGATIVE MODULATOR'}",,25472060,[],CHEMBL5325032,Inhibition of C-terminal his6-tagged mouse EGFR by TR-FRET assay,B,,,BAO_0000190,BAO_0000357,single protein format,COc1cc2ncnc(Nc3ccc(F)c(Cl)c3)c2cc1OC(=O)/C=C/n1cc(F)c(=O)[nH]c1=O,,,CHEMBL5321292,J Med Chem,2023,"{'bei': '13.55', 'le': '0.27', 'lle': '3.56', 'sei': '5.30'}",CHEMBL5438568,,CHEMBL5438568,6.80,0,http://www.openphacts.org/units/Nanomolar,3962101,=,1,1,=,,IC50,nM,,158.49,CHEMBL3608,Mus musculus,Epidermal growth factor receptor erbB1,10090,,,pIC50,,UO_0000065,,6.8
"{'action_type': 'INHIBITOR', 'description': 'Negatively effects (inhibits) the normal functioning of the protein e.g., prevention of enzymatic reaction or activation of downstream pathway', 'parent_type': 'NEGATIVE MODULATOR'}",,25472061,[],CHEMBL5325032,Inhibition of C-terminal his6-tagged mouse EGFR by TR-FRET assay,B,,,BAO_0000190,BAO_0000357,single protein format,COc1cc2ncnc(Nc3ccc(F)c(Cl)c3)c2cc1OC(=O)/C=C/CN1CCCCC1,,,CHEMBL5321292,J Med Chem,2023,"{'bei': '17.20', 'le': '0.34', 'lle': '2.98', 'sei': '10.58'}",CHEMBL5440872,,CHEMBL5440872,8.10,0,http://www.openphacts.org/units/Nanomolar,3962102,=,1,1,=,,IC50,nM,,7.943,CHEMBL3608,Mus musculus,Epidermal growth factor receptor erbB1,10090,,,pIC50,,UO_0000065,,8.1
"{'action_type': 'INHIBITOR', 'description': 'Negatively effects (inhibits) the normal functioning of the protein e.g., prevention of enzymatic reaction or activation of downstream pathway', 'parent_type': 'NEGATIVE MODULATOR'}",,25472062,[],CHEMBL5325032,Inhibition of C-terminal his6-tagged mouse EGFR by TR-FRET assay,B,,,BAO_0000190,BAO_0000357,single protein format,COc1cc2ncnc(Nc3ccc(F)c(Cl)c3)c2cc1NC(=O)/C=C/n1cc(F)c(=O)[nH]c1=O,,,CHEMBL5321292,J Med Chem,2023,"{'bei': '14.58', 'le': '0.28', 'lle': '4.03', 'sei': '5.57'}",CHEMBL5429059,,CHEMBL5429059,7.30,0,http://www.openphacts.org/units/Nanomolar,3962103,=,1,1,=,,IC50,nM,,50.12,CHEMBL3608,Mus musculus,Epidermal growth factor receptor erbB1,10090,,,pIC50,,UO_0000065,,7.3
"{'action_type': 'INHIBITOR', 'description': 'Negatively effects (inhibits) the normal functioning of the protein e.g., prevention of enzymatic reaction or activation of downstream pathway', 'parent_type': 'NEGATIVE MODULATOR'}",,25472063,[],CHEMBL5325032,Inhibition of C-terminal his6-tagged mouse EGFR by TR-FRET assay,B,,,BAO_0000190,BAO_0000357,single protein format,COc1cc2ncnc(Nc3ccc(F)c(Cl)c3)c2cc1NC(=O)/C=C/CN1CCCCC1,,,CHEMBL5321292,J Med Chem,2023,"{'bei': '16.38', 'le': '0.32', 'lle': '2.54', 'sei': '9.70'}",CHEMBL2110732,DACOMITINIB ANHYDROUS,CHEMBL2110732,7.70,0,http://www.openphacts.org/units/Nanomolar,3962104,=,1,1,=,,IC50,nM,,19.95,CHEMBL3608,Mus musculus,Epidermal growth factor receptor erbB1,10090,,,pIC50,,UO_0000065,,7.7
"{'action_type': 'BINDING AGENT', 'description': 'Binds to a substance such as a cell surface antigen, targetting a drug to that location, but not necessarily affecting the functioning of the substance itself', 'parent_type': 'OTHER'}",,25483557,"[{'comments': None, 'relation': '=', 'result_flag': 0, 'standard_relation': '=', 'standard_text_value': None, 'standard_type': 'TIME', 'standard_units': 'hr', 'standard_value': '0.5', 'text_value': None, 'type': 'TIME', 'units': 'min', 'value': '30.0'}]",CHEMBL5327905,"Displacement of probe N-(4-(4-(3-((4-((3-chloro-4-fluorophenyl)amino)-7-methoxyquinazolin-6-yl)oxy)propyl)piperazin-1-yl)-4-oxobutyl)-3-(5,5-difluoro-7,9-dimethyl-5H-5l4,6l4-dipyrrolo[1,2-c:2',1'-f][1,3,2]diazaborinin-3-yl)propenamide from C-terminal His-tagged wild type mouse EGFR incubated for 30 mins by probe displacement based TR-FRET assay",B,,,BAO_0000190,BAO_0000357,single protein format,O=C(Nc1ccccc1)NC1CCCC1,Outside typical range,"Values for this activity type are unusually large/small, so may not be accurate",CHEMBL5325473,Bioorg Med Chem,2023,,CHEMBL4555578,,CHEMBL4555578,,0,http://www.openphacts.org/units/Nanomolar,3964259,=,1,1,=,,IC50,nM,,199526.23,CHEMBL3608,Mus musculus,Epidermal growth factor receptor erbB1,10090,,,pIC50,,UO_0000065,,3.7
"{'action_type': 'BINDING AGENT', 'description': 'Binds to a substance such as a cell surface antigen, targetting a drug to that location, but not necessarily affecting the functioning of the substance itself', 'parent_type': 'OTHER'}",,25483558,"[{'comments': None, 'relation': '=', 'result_flag': 0, 'standard_relation': '=', 'standard_text_value': None, 'standard_type': 'TIME', 'standard_units': 'hr', 'standard_value': '0.5', 'text_value': None, 'type': 'TIME', 'units': 'min', 'value': '30.0'}]",CHEMBL5327905,"Displacement of probe N-(4-(4-(3-((4-((3-chloro-4-fluorophenyl)amino)-7-methoxyquinazolin-6-yl)oxy)propyl)piperazin-1-yl)-4-oxobutyl)-3-(5,5-difluoro-7,9-dimethyl-5H-5l4,6l4-dipyrrolo[1,2-c:2',1'-f][1,3,2]diazaborinin-3-yl)propenamide from C-terminal His-tagged wild type mouse EGFR incubated for 30 mins by probe displacement based TR-FRET assay",B,,,BAO_0000190,BAO_0000357,single protein format,O=C(Nc1ccccn1)NC1CCCC1,Outside typical range,"Values for this activity type are unusually large/small, so may not be accurate",CHEMBL5325473,Bioorg Med Chem,2023,,CHEMBL5411401,,CHEMBL5411401,,0,http://www.openphacts.org/units/Nanomolar,3964260,=,1,1,=,,IC50,nM,,398107.17,CHEMBL3608,Mus musculus,Epidermal growth factor receptor erbB1,10090,,,pIC50,,UO_0000065,,3.4
"{'action_type': 'BINDING AGENT', 'description': 'Binds to a substance such as a cell surface antigen, targetting a drug to that location, but not necessarily affecting the functioning of the substance itself', 'parent_type': 'OTHER'}",,25483559,"[{'comments': None, 'relation': '=', 'result_flag': 0, 'standard_relation': '=', 'standard_text_value': None, 'standard_type': 'TIME', 'standard_units': 'hr', 'standard_value': '0.5', 'text_value': None, 'type': 'TIME', 'units': 'min', 'value': '30.0'}]",CHEMBL5327905,"Displacement of probe N-(4-(4-(3-((4-((3-chloro-4-fluorophenyl)amino)-7-methoxyquinazolin-6-yl)oxy)propyl)piperazin-1-yl)-4-oxobutyl)-3-(5,5-difluoro-7,9-dimethyl-5H-5l4,6l4-dipyrrolo[1,2-c:2',1'-f][1,3,2]diazaborinin-3-yl)propenamide from C-terminal His-tagged wild type mouse EGFR incubated for 30 mins by probe displacement based TR-FRET assay",B,,,BAO_0000190,BAO_0000357,single protein format,CN(C(=O)NC1CCCC1)c1ccccc1,,,CHEMBL5325473,Bioorg Med Chem,2023,"{'bei': '18.32', 'le': '0.34', 'lle': '1.22', 'sei': '12.37'}",CHEMBL5439330,,CHEMBL5439330,4.00,0,http://www.openphacts.org/units/Nanomolar,3964261,=,1,1,=,,IC50,nM,,100000.0,CHEMBL3608,Mus musculus,Epidermal growth factor receptor erbB1,10090,,,pIC50,,UO_0000065,,4.0
,,25483560,"[{'comments': None, 'relation': '=', 'result_flag': 0, 'standard_relation': '=', 'standard_text_value': None, 'standard_type': 'TIME', 'standard_units': 'hr', 'standard_value': '0.5', 'text_value': None, 'type': 'TIME', 'units': 'min', 'value': '30.0'}]",CHEMBL5327905,"Displacement of probe N-(4-(4-(3-((4-((3-chloro-4-fluorophenyl)amino)-7-methoxyquinazolin-6-yl)oxy)propyl)piperazin-1-yl)-4-oxobutyl)-3-(5,5-difluoro-7,9-dimethyl-5H-5l4,6l4-dipyrrolo[1,2-c:2',1'-f][1,3,2]diazaborinin-3-yl)propenamide from C-terminal His-tagged wild type mouse EGFR incubated for 30 mins by probe displacement based TR-FRET assay",B,,,BAO_0000190,BAO_0000357,single protein format,CN(C(=O)NC1CCCC1)c1ccccn1,Outside typical range,"Values for this activity type are unusually large/small, so may not be accurate",CHEMBL5325473,Bioorg Med Chem,2023,,CHEMBL5425333,,CHEMBL5425333,,0,http://www.openphacts.org/units/Nanomolar,3964262,<,1,1,>,,IC50,nM,,1000000.0,CHEMBL3608,Mus musculus,Epidermal growth factor receptor erbB1,10090,,,pIC50,,UO_0000065,,3.0
,,25483561,"[{'comments': None, 'relation': '=', 'result_flag': 0, 'standard_relation': '=', 'standard_text_value': None, 'standard_type': 'TIME', 'standard_units': 'hr', 'standard_value': '0.5', 'text_value': None, 'type': 'TIME', 'units': 'min', 'value': '30.0'}]",CHEMBL5327905,"Displacement of probe N-(4-(4-(3-((4-((3-chloro-4-fluorophenyl)amino)-7-methoxyquinazolin-6-yl)oxy)propyl)piperazin-1-yl)-4-oxobutyl)-3-(5,5-difluoro-7,9-dimethyl-5H-5l4,6l4-dipyrrolo[1,2-c:2',1'-f][1,3,2]diazaborinin-3-yl)propenamide from C-terminal His-tagged wild type mouse EGFR incubated for 30 mins by probe displacement based TR-FRET assay",B,,,BAO_0000190,BAO_0000357,single protein format,CN(C(=O)Nc1ccccc1)C1CCCC1,Outside typical range,"Values for this activity type are unusually large/small, so may not be accurate",CHEMBL5325473,Bioorg Med Chem,2023,,CHEMBL5401602,,CHEMBL5401602,,0,http://www.openphacts.org/units/Nanomolar,3964263,<,1,1,>,,IC50,nM,,1000000.0,CHEMBL3608,Mus musculus,Epidermal growth factor receptor erbB1,10090,,,pIC50,,UO_0000065,,3.0
"{'action_type': 'BINDING AGENT', 'description': 'Binds to a substance such as a cell surface antigen, targetting a drug to that location, but not necessarily affecting the functioning of the substance itself', 'parent_type': 'OTHER'}",,25483562,"[{'comments': None, 'relation': '=', 'result_flag': 0, 'standard_relation': '=', 'standard_text_value': None, 'standard_type': 'TIME', 'standard_units': 'hr', 'standard_value': '0.5', 'text_value': None, 'type': 'TIME', 'units': 'min', 'value': '30.0'}]",CHEMBL5327905,"Displacement of probe N-(4-(4-(3-((4-((3-chloro-4-fluorophenyl)amino)-7-methoxyquinazolin-6-yl)oxy)propyl)piperazin-1-yl)-4-oxobutyl)-3-(5,5-difluoro-7,9-dimethyl-5H-5l4,6l4-dipyrrolo[1,2-c:2',1'-f][1,3,2]diazaborinin-3-yl)propenamide from C-terminal His-tagged wild type mouse EGFR incubated for 30 mins by probe displacement based TR-FRET assay",B,,,BAO_0000190,BAO_0000357,single protein format,CN(C(=O)Nc1ccccn1)C1CCCC1,Outside typical range,"Values for this activity type are unusually large/small, so may not be accurate",CHEMBL5325473,Bioorg Med Chem,2023,,CHEMBL5430172,,CHEMBL5430172,,0,http://www.openphacts.org/units/Nanomolar,3964264,=,1,1,=,,IC50,nM,,794328.23,CHEMBL3608,Mus musculus,Epidermal growth factor receptor erbB1,10090,,,pIC50,,UO_0000065,,3.1
"{'action_type': 'BINDING AGENT', 'description': 'Binds to a substance such as a cell surface antigen, targetting a drug to that location, but not necessarily affecting the functioning of the substance itself', 'parent_type': 'OTHER'}",,25483563,"[{'comments': None, 'relation': '=', 'result_flag': 0, 'standard_relation': '=', 'standard_text_value': None, 'standard_type': 'TIME', 'standard_units': 'hr', 'standard_value': '0.5', 'text_value': None, 'type': 'TIME', 'units': 'min', 'value': '30.0'}]",CHEMBL5327905,"Displacement of probe N-(4-(4-(3-((4-((3-chloro-4-fluorophenyl)amino)-7-methoxyquinazolin-6-yl)oxy)propyl)piperazin-1-yl)-4-oxobutyl)-3-(5,5-difluoro-7,9-dimethyl-5H-5l4,6l4-dipyrrolo[1,2-c:2',1'-f][1,3,2]diazaborinin-3-yl)propenamide from C-terminal His-tagged wild type mouse EGFR incubated for 30 mins by probe displacement based TR-FRET assay",B,,,BAO_0000190,BAO_0000357,single protein format,CN(C(=O)N(C)C1CCCC1)c1ccccc1,Outside typical range,"Values for this activity type are unusually large/small, so may not be accurate",CHEMBL5325473,Bioorg Med Chem,2023,,CHEMBL5411911,,CHEMBL5411911,,0,http://www.openphacts.org/units/Nanomolar,3964265,=,1,1,=,,IC50,nM,,125892.54,CHEMBL3608,Mus musculus,Epidermal growth factor receptor erbB1,10090,,,pIC50,,UO_0000065,,3.9
,,25483564,"[{'comments': None, 'relation': '=', 'result_flag': 0, 'standard_relation': '=', 'standard_text_value': None, 'standard_type': 'TIME', 'standard_units': 'hr', 'standard_value': '0.5', 'text_value': None, 'type': 'TIME', 'units': 'min', 'value': '30.0'}]",CHEMBL5327905,"Displacement of probe N-(4-(4-(3-((4-((3-chloro-4-fluorophenyl)amino)-7-methoxyquinazolin-6-yl)oxy)propyl)piperazin-1-yl)-4-oxobutyl)-3-(5,5-difluoro-7,9-dimethyl-5H-5l4,6l4-dipyrrolo[1,2-c:2',1'-f][1,3,2]diazaborinin-3-yl)propenamide from C-terminal His-tagged wild type mouse EGFR incubated for 30 mins by probe displacement based TR-FRET assay",B,,,BAO_0000190,BAO_0000357,single protein format,CN(C(=O)N(C)C1CCCC1)c1ccccn1,Outside typical range,"Values for this activity type are unusually large/small, so may not be accurate",CHEMBL5325473,Bioorg Med Chem,2023,,CHEMBL5420832,,CHEMBL5420832,,0,http://www.openphacts.org/units/Nanomolar,3964266,<,1,1,>,,IC50,nM,,1000000.0,CHEMBL3608,Mus musculus,Epidermal growth factor receptor erbB1,10090,,,pIC50,,UO_0000065,,3.0
"{'action_type': 'INHIBITOR', 'description': 'Negatively effects (inhibits) the normal functioning of the protein e.g., prevention of enzymatic reaction or activation of downstream pathway', 'parent_type': 'NEGATIVE MODULATOR'}",,25495787,"[{'comments': None, 'relation': '=', 'result_flag': 0, 'standard_relation': '=', 'standard_text_value': None, 'standard_type': 'TIME', 'standard_units': 'hr', 'standard_value': '72.0', 'text_value': None, 'type': 'TIME', 'units': 'hrs', 'value': '72.0'}]",CHEMBL5330553,Inhibition of wild type EGFR in mouse BaF3 cells assessed as cell growth inhibition measured after 72 hrs by CellTiter-Glo assay,B,,,BAO_0000190,BAO_0000219,cell-based format,COc1cc2ncnc(NCc3ccc(NC(=O)C(c4ccccc4)N4Cc5ccccc5C4=O)cc3)c2cc1OCCCN1CCOCC1,,,CHEMBL5329204,Bioorg Med Chem,2023,"{'bei': '8.68', 'le': '0.16', 'lle': '0.15', 'sei': '4.94'}",CHEMBL5424516,,CHEMBL5424516,5.84,0,http://www.openphacts.org/units/Nanomolar,3966459,=,1,1,=,,IC50,nM,,1450.0,CHEMBL3608,Mus musculus,Epidermal growth factor receptor erbB1,10090,,,IC50,uM,UO_0000065,,1.45
,,25495788,"[{'comments': None, 'relation': '=', 'result_flag': 0, 'standard_relation': '=', 'standard_text_value': None, 'standard_type': 'TIME', 'standard_units': 'hr', 'standard_value': '72.0', 'text_value': None, 'type': 'TIME', 'units': 'hrs', 'value': '72.0'}]",CHEMBL5330553,Inhibition of wild type EGFR in mouse BaF3 cells assessed as cell growth inhibition measured after 72 hrs by CellTiter-Glo assay,B,,,BAO_0000190,BAO_0000219,cell-based format,O=C(Nc1nccs1)C(c1ccccc1)N1Cc2ccccc2C1=O,,,CHEMBL5329204,Bioorg Med Chem,2023,,CHEMBL4284413,,CHEMBL4284413,,0,http://www.openphacts.org/units/Nanomolar,3966451,>,1,1,>,,IC50,nM,,10000.0,CHEMBL3608,Mus musculus,Epidermal growth factor receptor erbB1,10090,,,IC50,uM,UO_0000065,,10.0
"{'action_type': 'INHIBITOR', 'description': 'Negatively effects (inhibits) the normal functioning of the protein e.g., prevention of enzymatic reaction or activation of downstream pathway', 'parent_type': 'NEGATIVE MODULATOR'}",,25495789,"[{'comments': None, 'relation': '=', 'result_flag': 0, 'standard_relation': '=', 'standard_text_value': None, 'standard_type': 'TIME', 'standard_units': 'hr', 'standard_value': '72.0', 'text_value': None, 'type': 'TIME', 'units': 'hrs', 'value': '72.0'}]",CHEMBL5330553,Inhibition of wild type EGFR in mouse BaF3 cells assessed as cell growth inhibition measured after 72 hrs by CellTiter-Glo assay,B,,,BAO_0000190,BAO_0000219,cell-based format,C=CC(=O)Nc1cc(Nc2nccc(-c3cn(C)c4ccccc34)n2)c(OC)cc1N(C)CCN(C)C,,,CHEMBL5329204,Bioorg Med Chem,2023,"{'bei': '16.10', 'le': '0.30', 'lle': '3.54', 'sei': '9.19'}",CHEMBL3353410,OSIMERTINIB,CHEMBL3353410,8.05,0,http://www.openphacts.org/units/Nanomolar,3966452,=,1,1,=,,IC50,nM,,9.0,CHEMBL3608,Mus musculus,Epidermal growth factor receptor erbB1,10090,,,IC50,uM,UO_0000065,,0.009
